--Users Table

INSERT INTO [dbo].[Users](Username, [Level], FirstName, LastName, Email, Password, Active, [Authenticated])
VALUES
('amrhein.c16', 1, 'Claudia', 'Amrhein','amrhein.c16 @partaonline.org', 'a', 1 ,1),
('mfletch', 1, 'Marcia', 'Fletcher','mfletch@partaonline.org', 'a', 1 ,1),
('jurisch.k88', 1, 'Kelly', 'Jurisch','jurisch.k88@partaonline.org', 'a', 1 ,1),
('btrautman', 1, 'Brian', 'Trautman','btrautman@partaonline.org', 'a', 1 ,1),
('mpriest', 1, 'Mary', 'Priest','mpriest@partaonline.org', 'a', 1 ,1),
('lwiley', 1, 'Lita', 'Wiley','lwiley@partaonline.org', 'a', 1 ,1),
('cjones', 1, 'Chuck', 'Jones','cjones@partaonline.org', 'a', 1 ,1),
('jneilly', 1, 'Jordyn', 'Neilly','jneilly@partaonline.org', 'a', 1 ,1),
('schrader.r38', 1, 'Rebecca', 'Schrader','schrader.r38@partaonline.org', 'a', 1 ,1),
('aboyd', 1, 'Ashley', 'Boyd','aboyd@partaonline.org', 'a', 1 ,1),
('reaton', 1, 'Rachelle', 'Eaton','reaton@partaonline.org', 'a', 1 ,1),
('amaag', 1, 'Aaron', 'Maag','amaag@partaonline.org', 'a', 1 ,1),
('swestover', 1, 'Sharon', 'Westover','swestover@partaonline.org', 'a', 1 ,1),
('hairston.f18', 1, 'Frank', 'Hairston','hairston.f18@partaonline.org', 'a', 1 ,1),
('emapes', 1, 'Emilee', 'Mapes','emapes@partaonline.org', 'a', 1 ,1),
('cpopik', 1, 'Clayton', 'Popik','cpopik@partaonline.org', 'a', 1 ,1),
('choward22', 1, 'Carlell', 'Howard','choward22@partaonline.org', 'a', 1 ,1),
('kcalcei', 1, 'Kylie', 'Calcei','kcalcei@partaonline.org', 'a', 1 ,1),
('aagema', 1, 'Allen', 'Agema','aagema@partaonline.org', 'a', 1 ,1),
('cshafer', 1, 'Christine', 'Shafer','cshafer@partaonline.org', 'a', 1 ,1),
('mdowdle', 1, 'Manuel', 'Dowdle','mdowdle@partaonline.org', 'a', 1 ,1),
('ecleveng', 1, 'Eric', 'Clevenger','ecleveng@partaonline.org', 'a', 1 ,1),
('ehellekson2', 1, 'Eric', 'Hellekson','ehellekson2@partaonline.org', 'a', 1 ,1),
('sbeacham', 1, 'Steve', 'Beacham','sbeacham@partaonline.org', 'a', 1 ,1),
('jzisk', 1, 'John', 'Zisk','jzisk@partaonline.org', 'a', 1 ,1),
('wgroff', 1, 'Will', 'Groff','wgroff@partaonline.org', 'a', 1 ,1),
('jtakacs9', 1, 'Joe', 'Takacs','jtakacs9@partaonline.org', 'a', 1 ,1),
('jbackhurst', 1, 'Jack', 'Backhurst','jbackhurst@partaonline.org', 'a', 1 ,1),
('ddonofrio', 1, 'Drew', 'Donofrio','ddonofrio@partaonline.org', 'a', 1 ,1),
('froush', 1, 'Faith', 'Roush','froush@partaonline.org', 'a', 1 ,1),
('dcrowe', 1, 'Dominic', 'Crowe','dcrowe@partaonline.org', 'a', 1 ,1),
('rstuart', 1, 'Ron', 'Stuart','rstuart@partaonline.org', 'a', 1 ,1),
('dleggett', 1, 'David', 'Leggett','dleggett@partaonline.org', 'a', 1 ,1),
('jhamrick', 1, 'Joanne', 'Hamrick','jhamrick@partaonline.org', 'a', 1 ,1),
('rmorrison', 1, 'Robert', 'Morrison','rmorrison@partaonline.org', 'a', 1 ,1),
('astevens', 1, 'Andrea', 'Stevens','astevens@partaonline.org', 'a', 1 ,1),
('dcapriola', 1, 'Denise', 'Capriola','dcapriola@partaonline.org', 'a', 1 ,1),
('knull', 1, 'Karen', 'Null','knull@partaonline.org', 'a', 1 ,1),
('vhayes', 1, 'Vickie', 'Hayes','vhayes@partaonline.org', 'a', 1 ,1),
('solaugh', 1, 'Sharon', 'O''Laughlin','solaugh@partaonline.org', 'a', 1 ,1),
('mhanus', 1, 'Melissa', 'Hanus','mhanus@partaonline.org', 'a', 1 ,1),
('jjacob', 1, 'John', 'Jacobs','jjacob@partaonline.org', 'a', 1 ,1),
('schisme1', 1, 'Sara', 'Schismenos','schisme1@partaonline.org', 'a', 1 ,1),
('dwiard', 1, 'David', 'Wiard','dwiard@partaonline.org', 'a', 1 ,1),
('jmadden', 1, 'Jamie', 'Madden','jmadden@partaonline.org', 'a', 1 ,1),
('dsmith1', 1, 'Dennis', 'Smith','dsmith1@partaonline.org', 'a', 1 ,1),
('eportis', 1, 'Ebony', 'Portis','eportis@partaonline.org', 'a', 1 ,1),
('kbritton', 1, 'Kyan', 'Britton','kbritton@partaonline.org', 'a', 1 ,1),
('nkyer', 1, 'Nicole', 'Kyer','nkyer@partaonline.org', 'a', 1 ,1),
('sthomas', 1, 'Sandee', 'Thomas','sthomas@partaonline.org', 'a', 1 ,1),
('aphile', 1, 'Alisa', 'Phile','aphile@partaonline.org', 'a', 1 ,1),
('rschultz', 1, 'Randy', 'Schultz','rschultz@partaonline.org', 'a', 1 ,1),
('mpennington', 1, 'Mick', 'Pennington','mpennington@partaonline.org', 'a', 1 ,1),
('mtrickett', 1, 'Mike', 'Trickett','mtrickett@partaonline.org', 'a', 1 ,1),
('dshort', 1, 'David', 'Short','dshort@partaonline.org', 'a', 1 ,1),
('dfrazier', 1, 'Daryl', 'Frazier','dfrazier@partaonline.org', 'a', 1 ,1),
('smacdonald', 1, 'Sherrie', 'MacDonald','smacdonald@partaonline.org', 'a', 1 ,1),
('cunder', 1, 'Charles', 'Underwood','cunder@partaonline.org', 'a', 1 ,1),
('hmccoy', 1, 'Heather', 'McCoy','hmccoy@partaonline.org', 'a', 1 ,1),
('dbaba', 1, 'Denise', 'Baba','dbaba@partaonline.org', 'a', 1 ,1),
('mhuang', 1, 'Mike', 'Huang','mhuang@partaonline.org', 'a', 1 ,1),
('kshumate3', 1, 'Kelli', 'Shumate','kshumate3@partaonline.org', 'a', 1 ,1),
('hliu32', 1, 'Hao', 'Liu','hliu32@kent.edu', 'a', 1 ,1),
('bswital1', 1, 'Ben', 'Switalski','bswital1@kent.edu', 'a', 1 ,1),
('kshumat1', 1, 'Kelli', 'Shumate','kshumat1@kent.edu', 'a', 1 ,1),
('jsomwaru', 1, 'Jacob', 'Somwaru','jsomwaru@kent.edu', 'a', 1 ,1),
('tnaungay', 1, 'Taylor', 'Naungayan','tnaungay@kent.edu', 'a', 1 ,1),
('administrator', 1, 'Administrator', '','partahelpdesk@gmail.com', 'a', 1 ,1)


INSERT INTO [dbo].[Tickets] (Title, Category, CreatedUserID, [Status], Department, [Description])
VALUES
('My Laptop is broken','Hardware',65,'Closed','Accouting','I spent all morning trying to log in to my account!'),
('I HAVE NO INTERNET','Network',65,'Closed','Accounting','WHAT SHOUDLD I DO'),
('I forgot my password','Login',65,'In Process','Accounting','Test Description 2'),
('Theres a monster outside my window','Hardwae',65,'Escalated','Marketing','Should I let them in?'),
('My phone is making weird noises','Phone Server',65,'In Process','Administration','It is really annoying'),
('The phones seem down','Phone Server',65,'In Process','Marketing','I cannot call anyone'),
('My calls are getting dropped','Phone Server',65,'In Process','Scheduling','Is this getting fixed?'),
('I ran out of ink','Printer',65,'In Process','Dispatch','Can I get some more')




--Categories
INSERT INTO [dbo].[Categories] 
VALUES
('Harware'),
('Software'),
('Network'),
('Phone Server'),
('Login'),
('Printer'),
('Account Permission'),
('Phone')

--Status
INSERT INTO [dbo].[Status]
VALUES
('In Process'),
('Closed'),
('On Hold'),
('Received'),
('Escalated'),
('Reopened')

INSERT INTO [dbo].[Departments]
VALUES
('Training'),
('Accouting'),
('Dispatch'),
('Marketing'),
('Information Technology'),
('Scheduling'),
('Administration'),
('Planning'),
('Human Resource'),
('Maintenance'),
('Operations'),
('Gateway')


--